{
  "__type__": "cc.SpriteFrame",
  "content": {
    "name": "buttons",
    "atlas": "",
    "rect": {
      "x": 108,
      "y": 102,
      "width": 1516,
      "height": 1796
    },
    "offset": {
      "x": 0.5,
      "y": 0
    },
    "originalSize": {
      "width": 1731,
      "height": 2000
    },
    "rotated": false,
    "capInsets": [
      0,
      0,
      0,
      0
    ],
    "vertices": {
      "rawPosition": [
        -758,
        -898,
        0,
        758,
        -898,
        0,
        -758,
        898,
        0,
        758,
        898,
        0
      ],
      "indexes": [
        0,
        1,
        2,
        2,
        1,
        3
      ],
      "uv": [
        108,
        1898,
        1624,
        1898,
        108,
        102,
        1624,
        102
      ],
      "nuv": [
        0.06239168110918544,
        0.051,
        0.9381860196418256,
        0.051,
        0.06239168110918544,
        0.949,
        0.9381860196418256,
        0.949
      ],
      "minPos": {
        "x": -758,
        "y": -898,
        "z": 0
      },
      "maxPos": {
        "x": 758,
        "y": 898,
        "z": 0
      }
    },
    "texture": "835d3432-b169-498d-a683-bceeabbb9a44@6c48a",
    "packable": true,
    "pixelsToUnit": 100,
    "pivot": {
      "x": 0.5,
      "y": 0.5
    },
    "meshType": 0
  }
}