{
  "__type__": "cc.SpriteFrame",
  "content": {
    "name": "btn play",
    "atlas": "",
    "rect": {
      "x": 52,
      "y": 44,
      "width": 716,
      "height": 282
    },
    "offset": {
      "x": -2,
      "y": 5.5
    },
    "originalSize": {
      "width": 824,
      "height": 381
    },
    "rotated": false,
    "capInsets": [
      0,
      0,
      0,
      0
    ],
    "vertices": {
      "rawPosition": [
        -358,
        -141,
        0,
        358,
        -141,
        0,
        -358,
        141,
        0,
        358,
        141,
        0
      ],
      "indexes": [
        0,
        1,
        2,
        2,
        1,
        3
      ],
      "uv": [
        52,
        337,
        768,
        337,
        52,
        55,
        768,
        55
      ],
      "nuv": [
        0.06310679611650485,
        0.14435695538057744,
        0.9320388349514563,
        0.14435695538057744,
        0.06310679611650485,
        0.884514435695538,
        0.9320388349514563,
        0.884514435695538
      ],
      "minPos": {
        "x": -358,
        "y": -141,
        "z": 0
      },
      "maxPos": {
        "x": 358,
        "y": 141,
        "z": 0
      }
    },
    "texture": "d384e3f8-14fc-441a-87df-f642677be4e2@6c48a",
    "packable": true,
    "pixelsToUnit": 100,
    "pivot": {
      "x": 0.5,
      "y": 0.5
    },
    "meshType": 0
  }
}