{
  "__type__": "cc.SpriteFrame",
  "content": {
    "name": "title",
    "atlas": "",
    "rect": {
      "x": 110,
      "y": 53,
      "width": 726,
      "height": 312
    },
    "offset": {
      "x": -1.5,
      "y": -13
    },
    "originalSize": {
      "width": 949,
      "height": 392
    },
    "rotated": false,
    "capInsets": [
      0,
      0,
      0,
      0
    ],
    "vertices": {
      "rawPosition": [
        -363,
        -156,
        0,
        363,
        -156,
        0,
        -363,
        156,
        0,
        363,
        156,
        0
      ],
      "indexes": [
        0,
        1,
        2,
        2,
        1,
        3
      ],
      "uv": [
        110,
        339,
        836,
        339,
        110,
        27,
        836,
        27
      ],
      "nuv": [
        0.11591148577449947,
        0.06887755102040816,
        0.880927291886196,
        0.06887755102040816,
        0.11591148577449947,
        0.8647959183673469,
        0.880927291886196,
        0.8647959183673469
      ],
      "minPos": {
        "x": -363,
        "y": -156,
        "z": 0
      },
      "maxPos": {
        "x": 363,
        "y": 156,
        "z": 0
      }
    },
    "texture": "ad53138e-9198-4ce7-b704-d063a49a0dc6@6c48a",
    "packable": true,
    "pixelsToUnit": 100,
    "pivot": {
      "x": 0.5,
      "y": 0.5
    },
    "meshType": 0
  }
}